roomID,roomNo,length,width,height,storageType,availabilityStatus,rentalPricePerDay,warehouseID,leaseID,email
SRW0020001,R366,21.66,40.62,14.94,General Storage,Reserved,80.02,W002,L01446,juan.woodard6506@yahoo.com
SRW0010002,R377,5.28,36.22,3.59,Hazardous Materials Storage,Reserved,163.09,W001,L01867,mary.lewis9231@hotmail.com
SRW0090003,R143,5.77,39.73,12.8,General Storage,Occupied,109.76,W009,L01206,thomas.wallace2131@hotmail.com
SRW0100004,R791,37.94,36.37,11.3,Dry Storage,Occupied,344.78,W010,L00633,linda.zuniga8614@yahoo.com
SRW0090005,R378,44.68,18.68,8.43,Dry Storage,Under Maintenance,167.24,W009,,
SRW0030006,R280,22.45,45.0,11.03,Hazardous Materials Storage,Occupied,423.14,W003,L01273,trevor.weber5763@gmail.com
SRW0100007,R541,28.77,28.14,7.75,Bulk Storage,Reserved,130.27,W010,L02732,lindsay.cruz5774@yahoo.com
SRW0070008,R216,28.16,16.84,3.11,General Storage,Available,236.15,W007,,
SRW0010009,R608,10.23,35.13,3.78,General Storage,Under Maintenance,80.67,W001,,
SRW0030010,R148,24.02,5.47,6.96,Cold Storage,Under Maintenance,497.19,W003,,
SRW0090011,R209,48.02,15.78,10.51,Bulk Storage,Reserved,303.06,W009,L01286,james.calderon7887@hotmail.com
SRW0050012,R848,42.54,28.55,11.04,Cold Storage,Available,202.97,W005,,
SRW0090013,R553,44.46,41.48,7.86,Cold Storage,Occupied,418.48,W009,L00985,jesse.jones6280@yahoo.com
SRW0050014,R816,14.0,26.3,14.2,Cold Storage,Reserved,76.77,W005,L02238,stephen.simmons7670@yahoo.com
SRW0040015,R134,12.51,14.12,9.42,General Storage,Occupied,182.86,W004,L02243,emily.brown5615@hotmail.com
SRW0070016,R266,42.24,39.08,6.33,Cold Storage,Available,261.55,W007,,
SRW0090017,R475,34.56,39.88,6.02,Bulk Storage,Under Maintenance,226.71,W009,,
SRW0040018,R761,25.81,12.35,5.39,Dry Storage,Available,345.39,W004,,
SRW0090019,R153,41.63,25.55,12.62,Bulk Storage,Occupied,64.31,W009,L01685,marcus.morse8587@hotmail.com
SRW0060020,R630,30.52,28.04,9.32,General Storage,Occupied,116.69,W006,L00316,karen.clark1259@yahoo.com
SRW0030021,R954,49.81,6.06,9.03,Cold Storage,Under Maintenance,393.29,W003,,
SRW0020022,R382,27.11,5.4,3.56,Hazardous Materials Storage,Available,267.65,W002,,
SRW0060023,R342,17.91,24.01,14.76,Dry Storage,Available,437.18,W006,,
SRW0020024,R541,20.1,34.88,13.18,Cold Storage,Occupied,460.89,W002,L01005,amy.reed9163@hotmail.com
SRW0070025,R755,31.66,23.29,8.06,Bulk Storage,Under Maintenance,179.37,W007,,
SRW0030026,R123,45.98,22.05,11.38,Bulk Storage,Occupied,194.56,W003,L02092,chelsea.rodriguez5440@gmail.com
SRW0050027,R875,44.33,15.58,7.2,Bulk Storage,Under Maintenance,371.76,W005,,
SRW0080028,R560,16.65,31.88,13.11,Cold Storage,Under Maintenance,362.36,W008,,
SRW0090029,R166,11.93,26.17,11.49,Dry Storage,Reserved,198.74,W009,L02319,jacob.smith629@yahoo.com
SRW0080030,R474,6.65,25.28,9.02,General Storage,Reserved,354.43,W008,L02522,andrea.sandoval7768@hotmail.com
SRW0030031,R918,6.53,25.99,9.88,Hazardous Materials Storage,Available,478.78,W003,,
SRW0040032,R720,14.32,32.31,5.33,Bulk Storage,Under Maintenance,399.26,W004,,
SRW0100033,R586,48.83,12.88,9.24,Cold Storage,Reserved,230.41,W010,L00640,amanda.mccann3128@gmail.com
SRW0010034,R181,37.63,6.93,13.33,Hazardous Materials Storage,Occupied,406.3,W001,L01208,mark.park488@yahoo.com
SRW0080035,R938,43.08,18.24,5.0,Hazardous Materials Storage,Available,314.76,W008,,
SRW0020036,R273,18.09,35.11,13.99,Bulk Storage,Available,204.41,W002,,
SRW0090037,R426,43.36,33.23,11.79,Cold Storage,Available,370.18,W009,,
SRW0080038,R526,14.06,29.35,4.15,Bulk Storage,Available,101.16,W008,,
SRW0080039,R463,40.95,8.56,7.76,Bulk Storage,Under Maintenance,81.36,W008,,
SRW0030040,R780,10.4,8.29,6.82,Cold Storage,Occupied,309.06,W003,L02368,christopher.brown197@yahoo.com
SRW0090041,R137,9.03,41.54,4.34,General Storage,Available,231.62,W009,,
SRW0020042,R633,37.41,20.35,13.36,Bulk Storage,Under Maintenance,361.71,W002,,
SRW0020043,R150,45.84,17.07,4.27,General Storage,Reserved,351.54,W002,L01354,lynn.hill5776@gmail.com
SRW0050044,R836,29.61,6.87,12.99,General Storage,Available,123.42,W005,,
SRW0060045,R878,48.46,16.23,4.03,Cold Storage,Reserved,397.25,W006,L01078,tracey.anderson1262@gmail.com
SRW0050046,R896,7.19,17.75,10.37,Hazardous Materials Storage,Available,362.34,W005,,
SRW0100047,R625,5.73,13.04,13.81,Bulk Storage,Occupied,205.98,W010,L02511,kenneth.sanchez4444@hotmail.com
SRW0050048,R936,18.74,9.36,7.76,Bulk Storage,Reserved,200.8,W005,L01006,jesse.martin5508@hotmail.com
SRW0030049,R515,31.89,16.11,5.71,Cold Storage,Under Maintenance,105.89,W003,,
SRW0100050,R379,36.23,6.77,4.15,Cold Storage,Available,225.0,W010,,
SRW0010051,R885,43.84,24.9,5.84,Bulk Storage,Under Maintenance,260.92,W001,,
SRW0010052,R775,43.13,22.85,6.87,Dry Storage,Occupied,337.69,W001,L01746,richard.knox2814@hotmail.com
SRW0030053,R355,23.17,7.84,8.33,Hazardous Materials Storage,Under Maintenance,249.8,W003,,
SRW0060054,R286,18.78,11.41,4.24,Dry Storage,Reserved,410.07,W006,L00087,ariana.rios5533@gmail.com
SRW0080055,R426,27.42,47.7,13.67,Cold Storage,Reserved,440.32,W008,L02402,nathaniel.rice7187@gmail.com
SRW0100056,R330,42.47,49.35,9.82,Dry Storage,Available,431.0,W010,,
SRW0020057,R280,28.04,22.77,10.45,General Storage,Under Maintenance,470.73,W002,,
SRW0060058,R140,24.6,9.56,11.38,Hazardous Materials Storage,Under Maintenance,77.39,W006,,
SRW0050059,R499,15.65,13.79,14.11,General Storage,Under Maintenance,105.21,W005,,
SRW0100060,R233,37.17,22.39,7.01,Hazardous Materials Storage,Under Maintenance,344.36,W010,,
SRW0040061,R747,26.38,17.4,3.54,Cold Storage,Under Maintenance,438.04,W004,,
SRW0090062,R537,7.55,37.81,14.86,Hazardous Materials Storage,Available,224.91,W009,,
SRW0010063,R315,30.49,33.44,5.13,Hazardous Materials Storage,Under Maintenance,271.18,W001,,
SRW0100064,R276,47.27,45.22,7.43,Cold Storage,Under Maintenance,483.77,W010,,
SRW0040065,R480,40.13,49.39,3.52,Cold Storage,Occupied,268.32,W004,L01748,jeffrey.gonzalez9251@gmail.com
SRW0040066,R672,15.56,36.6,9.01,Hazardous Materials Storage,Reserved,491.61,W004,L02842,teresa.allen3258@yahoo.com
SRW0030067,R712,27.36,7.24,14.76,General Storage,Under Maintenance,217.38,W003,,
SRW0060068,R553,19.5,43.91,8.03,General Storage,Available,307.33,W006,,
SRW0060069,R560,5.49,40.57,13.71,Bulk Storage,Reserved,486.79,W006,L01076,john.mcdowell7995@hotmail.com
SRW0100070,R780,13.14,47.35,12.7,Cold Storage,Reserved,202.3,W010,L02573,lawrence.lewis5974@gmail.com
SRW0050071,R806,15.11,49.26,7.02,Bulk Storage,Occupied,348.66,W005,L00562,jared.mason2878@gmail.com
SRW0080072,R849,10.74,32.98,14.8,Hazardous Materials Storage,Under Maintenance,395.16,W008,,
SRW0030073,R299,36.78,32.64,3.95,Bulk Storage,Under Maintenance,445.8,W003,,
SRW0090074,R375,47.99,45.27,5.42,Dry Storage,Available,86.28,W009,,
SRW0010075,R944,40.95,34.37,12.89,Bulk Storage,Available,492.29,W001,,
SRW0030076,R429,49.41,34.05,10.01,Dry Storage,Reserved,118.66,W003,L02548,bill.miller4777@yahoo.com
SRW0040077,R473,16.9,38.48,3.24,Cold Storage,Reserved,322.05,W004,L02226,stephen.jones7717@gmail.com
SRW0040078,R788,44.61,6.28,3.49,Bulk Storage,Under Maintenance,436.18,W004,,
SRW0010079,R838,5.36,18.22,9.99,Dry Storage,Available,467.07,W001,,
SRW0090080,R806,37.06,15.1,4.75,Dry Storage,Under Maintenance,425.81,W009,,
SRW0040081,R892,24.07,37.88,10.79,Dry Storage,Reserved,186.26,W004,L02050,tiffany.ford9144@gmail.com
SRW0080082,R901,28.81,7.99,4.6,Hazardous Materials Storage,Reserved,268.94,W008,L01713,melissa.brown3466@hotmail.com
SRW0010083,R782,48.29,48.14,3.41,Dry Storage,Under Maintenance,253.39,W001,,
SRW0070084,R986,6.53,24.16,6.16,Cold Storage,Available,439.92,W007,,
SRW0050085,R500,44.75,9.33,10.5,General Storage,Under Maintenance,429.89,W005,,
SRW0020086,R101,34.67,26.95,12.04,General Storage,Occupied,207.21,W002,L01934,christina.mason9753@hotmail.com
SRW0070087,R756,44.9,8.46,3.34,Cold Storage,Available,360.34,W007,,
SRW0070088,R957,40.24,18.6,12.46,Hazardous Materials Storage,Under Maintenance,490.0,W007,,
SRW0020089,R421,47.51,7.9,6.2,General Storage,Occupied,467.39,W002,L00957,robert.flores3477@yahoo.com
SRW0070090,R877,12.8,42.05,8.72,Bulk Storage,Under Maintenance,206.01,W007,,
SRW0020091,R782,5.13,28.15,12.58,Hazardous Materials Storage,Under Maintenance,278.52,W002,,
SRW0020092,R836,22.29,34.67,5.5,Cold Storage,Available,130.58,W002,,
SRW0030093,R293,44.09,17.93,10.37,Dry Storage,Occupied,110.54,W003,L00143,allen.johnson8504@hotmail.com
SRW0080094,R194,12.37,20.6,8.79,Bulk Storage,Occupied,207.63,W008,L00525,kimberly.farley7224@yahoo.com
SRW0100095,R506,41.58,28.67,11.95,Bulk Storage,Occupied,478.29,W010,L01192,susan.delgado1062@gmail.com
SRW0090096,R767,15.03,33.37,7.97,General Storage,Reserved,463.06,W009,L02859,sarah.gutierrez4208@gmail.com
SRW0020097,R864,23.09,39.53,4.18,Hazardous Materials Storage,Occupied,320.17,W002,L01842,edward.molina8916@yahoo.com
SRW0060098,R759,13.95,28.87,5.11,Cold Storage,Under Maintenance,464.1,W006,,
SRW0040099,R653,11.71,29.63,5.31,General Storage,Available,131.31,W004,,
SRW0010100,R460,12.32,45.71,3.07,Hazardous Materials Storage,Occupied,106.0,W001,L01107,manuel.gonzalez2284@gmail.com
SRW0070101,R294,14.64,8.18,5.66,General Storage,Occupied,446.41,W007,L02927,sarah.torres8034@hotmail.com
SRW0010102,R162,15.71,40.9,3.74,Dry Storage,Under Maintenance,371.08,W001,,
SRW0030103,R501,27.02,36.14,8.51,General Storage,Occupied,262.63,W003,L02567,ann.graves1151@gmail.com
SRW0100104,R444,11.22,42.14,9.1,Cold Storage,Available,320.29,W010,,
SRW0020105,R997,25.53,28.09,9.31,Cold Storage,Available,58.84,W002,,
SRW0020106,R605,9.0,42.25,4.45,Cold Storage,Occupied,319.62,W002,L01114,heidi.rogers53@hotmail.com
SRW0090107,R912,7.93,10.61,7.26,Hazardous Materials Storage,Under Maintenance,51.71,W009,,
SRW0090108,R154,28.16,6.41,9.05,Bulk Storage,Reserved,147.91,W009,L01491,jesus.zamora5593@hotmail.com
SRW0060109,R756,25.64,23.82,14.69,Dry Storage,Reserved,246.25,W006,L01871,gregory.adkins3442@yahoo.com
SRW0030110,R487,26.12,19.6,12.51,Cold Storage,Under Maintenance,199.47,W003,,
SRW0080111,R768,16.4,34.81,9.56,General Storage,Under Maintenance,224.36,W008,,
SRW0080112,R717,23.97,5.12,13.76,Bulk Storage,Occupied,412.97,W008,L00592,betty.cox8718@gmail.com
SRW0090113,R318,8.98,22.97,7.02,Bulk Storage,Reserved,145.82,W009,L00109,laura.turner1775@hotmail.com
SRW0070114,R633,39.58,6.72,13.92,Dry Storage,Under Maintenance,106.44,W007,,
SRW0070115,R505,33.03,21.99,9.14,General Storage,Reserved,328.05,W007,L01423,catherine.wilcox8273@gmail.com
SRW0070116,R162,30.53,17.09,3.0,Cold Storage,Occupied,467.56,W007,L00645,todd.hess2016@gmail.com
SRW0070117,R460,38.51,16.74,11.77,Dry Storage,Available,498.66,W007,,
SRW0030118,R225,26.86,16.84,7.56,Dry Storage,Occupied,327.3,W003,L01433,richard.contreras5876@gmail.com
SRW0070119,R499,38.52,13.31,13.75,Hazardous Materials Storage,Available,244.83,W007,,
SRW0060120,R747,16.54,8.58,5.03,Cold Storage,Available,210.75,W006,,
SRW0050121,R692,12.06,38.06,10.77,Bulk Storage,Occupied,97.23,W005,L01687,elizabeth.thomas5153@gmail.com
SRW0090122,R650,30.25,21.75,10.88,Cold Storage,Reserved,265.91,W009,L00335,tracy.jordan3398@yahoo.com
SRW0080123,R544,43.16,20.03,10.1,Cold Storage,Reserved,346.73,W008,L01895,richard.taylor2758@yahoo.com
SRW0050124,R285,17.05,22.02,14.63,Dry Storage,Occupied,178.46,W005,L01274,david.harris3803@gmail.com
SRW0100125,R941,31.35,27.3,3.12,Hazardous Materials Storage,Available,196.56,W010,,
SRW0040126,R925,49.78,12.02,8.14,General Storage,Under Maintenance,361.99,W004,,
SRW0030127,R919,11.84,41.8,8.09,General Storage,Occupied,167.31,W003,L01847,adam.perez5114@yahoo.com
SRW0090128,R719,14.64,34.26,5.67,Dry Storage,Under Maintenance,240.7,W009,,
SRW0080129,R577,12.09,14.82,14.49,Hazardous Materials Storage,Reserved,381.08,W008,L01767,kevin.norris4465@hotmail.com
SRW0080130,R818,6.32,9.32,8.88,General Storage,Occupied,330.29,W008,L00690,katrina.jimenez6298@hotmail.com
SRW0070131,R407,38.98,24.51,12.62,Bulk Storage,Occupied,275.61,W007,L01828,kevin.romero3167@yahoo.com
SRW0100132,R230,17.56,38.73,9.96,General Storage,Reserved,320.6,W010,L02370,richard.tran703@hotmail.com
SRW0060133,R239,8.99,5.94,11.38,Hazardous Materials Storage,Available,369.08,W006,,
SRW0080134,R550,13.61,32.95,14.84,Cold Storage,Occupied,411.94,W008,L01980,robyn.bates5542@gmail.com
SRW0100135,R680,34.89,49.7,11.29,Cold Storage,Reserved,441.93,W010,L00790,jonathan.williams650@gmail.com
SRW0060136,R489,8.64,31.67,13.16,Dry Storage,Available,249.62,W006,,
SRW0070137,R798,10.99,44.05,13.41,Cold Storage,Available,338.7,W007,,
SRW0030138,R710,40.02,42.59,4.4,Cold Storage,Under Maintenance,316.28,W003,,
SRW0080139,R275,13.66,9.41,14.1,Dry Storage,Occupied,274.45,W008,L02384,holly.livingston3177@yahoo.com
SRW0040140,R445,14.92,45.76,11.13,General Storage,Available,162.59,W004,,
SRW0080141,R411,8.03,30.54,3.38,Hazardous Materials Storage,Under Maintenance,441.7,W008,,
SRW0090142,R330,18.07,27.76,9.81,General Storage,Available,430.31,W009,,
SRW0090143,R652,21.75,41.13,9.57,General Storage,Under Maintenance,458.28,W009,,
SRW0070144,R633,48.41,12.87,8.86,Hazardous Materials Storage,Under Maintenance,76.32,W007,,
SRW0090145,R300,45.19,15.56,14.93,Hazardous Materials Storage,Under Maintenance,493.06,W009,,
SRW0010146,R614,14.09,12.39,11.31,Hazardous Materials Storage,Reserved,477.36,W001,L00297,cesar.ingram8164@gmail.com
SRW0010147,R934,20.12,40.67,11.57,Dry Storage,Under Maintenance,366.12,W001,,
SRW0050148,R878,47.96,18.15,8.39,Bulk Storage,Under Maintenance,304.62,W005,,
SRW0030149,R586,14.74,20.05,3.3,Cold Storage,Reserved,302.37,W003,L02621,diamond.bell6686@yahoo.com
SRW0060150,R454,7.77,41.71,9.48,Hazardous Materials Storage,Under Maintenance,329.45,W006,,
SRW0060151,R617,49.17,42.36,4.19,Bulk Storage,Reserved,130.23,W006,L00322,laura.wheeler5125@hotmail.com
SRW0010152,R586,20.89,44.09,6.74,Dry Storage,Available,302.97,W001,,
SRW0030153,R924,41.62,11.3,12.79,Dry Storage,Occupied,429.34,W003,L02456,joanne.robinson1887@yahoo.com
SRW0070154,R279,46.01,19.93,4.31,General Storage,Occupied,203.9,W007,L02213,krystal.meyer6554@yahoo.com
SRW0030155,R930,14.15,5.54,14.72,General Storage,Occupied,179.38,W003,L02895,carlos.cooper1961@gmail.com
SRW0070156,R866,19.04,22.81,14.37,Cold Storage,Available,487.78,W007,,
SRW0090157,R819,44.76,49.88,7.59,Bulk Storage,Available,318.89,W009,,
SRW0030158,R711,10.39,11.74,5.51,Bulk Storage,Under Maintenance,485.45,W003,,
SRW0080159,R291,41.89,12.43,12.48,Hazardous Materials Storage,Occupied,106.44,W008,L00144,natalie.hill9184@hotmail.com
SRW0100160,R314,18.0,38.47,14.22,Hazardous Materials Storage,Reserved,480.57,W010,L01666,andrea.sandoval7768@hotmail.com
SRW0050161,R551,23.02,14.09,6.03,General Storage,Under Maintenance,85.55,W005,,
SRW0030162,R453,37.88,43.62,13.76,Cold Storage,Available,383.41,W003,,
SRW0100163,R159,47.91,10.78,12.49,Dry Storage,Occupied,345.1,W010,L00052,rebecca.black5447@yahoo.com
SRW0020164,R303,36.46,46.38,7.83,General Storage,Reserved,230.0,W002,L01911,noah.clarke7094@gmail.com
SRW0070165,R107,47.84,42.44,11.49,General Storage,Under Maintenance,338.94,W007,,
SRW0100166,R945,37.02,27.83,4.52,Hazardous Materials Storage,Available,266.57,W010,,
SRW0070167,R788,43.18,13.01,13.08,General Storage,Available,295.61,W007,,
SRW0050168,R246,21.69,39.92,4.41,Cold Storage,Under Maintenance,101.24,W005,,
SRW0090169,R843,48.06,11.96,11.26,Hazardous Materials Storage,Reserved,160.29,W009,L00146,matthew.allen7914@yahoo.com
SRW0050170,R111,41.12,37.2,5.07,Dry Storage,Occupied,480.67,W005,L01430,sara.wilson4545@yahoo.com
SRW0050171,R158,5.63,31.44,13.26,Bulk Storage,Available,194.64,W005,,
SRW0100172,R368,12.03,27.35,6.53,Hazardous Materials Storage,Occupied,404.56,W010,L02810,jonathan.andrade1645@gmail.com
SRW0100173,R519,7.62,48.35,11.93,General Storage,Available,384.31,W010,,
SRW0100174,R972,17.3,41.59,7.75,Cold Storage,Under Maintenance,101.07,W010,,
SRW0080175,R572,37.43,47.88,6.53,Bulk Storage,Reserved,341.2,W008,L01526,christopher.smith4153@gmail.com
SRW0080176,R456,29.89,32.1,6.32,Hazardous Materials Storage,Occupied,325.57,W008,L00495,dean.fox7339@yahoo.com
SRW0100177,R325,42.67,35.26,7.77,Bulk Storage,Available,208.62,W010,,
SRW0060178,R579,14.1,32.94,7.17,Bulk Storage,Reserved,95.71,W006,L02892,sheena.sawyer4547@hotmail.com
SRW0090179,R362,15.46,38.93,9.16,Hazardous Materials Storage,Reserved,369.59,W009,L02646,bobby.torres812@hotmail.com
SRW0010180,R337,12.06,43.87,8.94,General Storage,Occupied,260.76,W001,L01845,fred.jennings2172@yahoo.com
SRW0020181,R418,20.53,17.28,11.35,Dry Storage,Occupied,331.99,W002,L00867,heidi.myers982@yahoo.com
SRW0030182,R938,45.32,37.48,12.13,Cold Storage,Occupied,453.96,W003,L00107,ruth.thomas24@hotmail.com
SRW0100183,R975,11.59,49.87,10.32,Hazardous Materials Storage,Available,455.41,W010,,
SRW0060184,R147,32.36,6.77,8.47,Dry Storage,Occupied,257.04,W006,L01439,mary.fisher9426@yahoo.com
SRW0060185,R411,23.88,12.93,3.19,Bulk Storage,Reserved,51.43,W006,L02460,sandra.evans3375@hotmail.com
SRW0050186,R161,18.83,49.29,14.67,Hazardous Materials Storage,Under Maintenance,388.66,W005,,
SRW0020187,R331,40.13,25.08,4.96,Bulk Storage,Under Maintenance,56.9,W002,,
SRW0010188,R869,9.56,9.13,5.39,Cold Storage,Under Maintenance,210.11,W001,,
SRW0030189,R232,28.55,21.69,6.6,Cold Storage,Under Maintenance,365.26,W003,,
SRW0040190,R699,15.82,49.37,6.46,Dry Storage,Occupied,182.94,W004,L01428,raymond.francis7911@gmail.com
SRW0040191,R625,43.21,17.95,11.97,Cold Storage,Reserved,402.84,W004,L02874,patricia.bird8774@gmail.com
SRW0100192,R179,16.76,25.6,6.95,Dry Storage,Occupied,274.39,W010,L01849,michael.moreno4358@yahoo.com
SRW0060193,R403,35.67,12.67,13.4,General Storage,Occupied,56.08,W006,L02843,jason.brooks8672@hotmail.com
SRW0040194,R211,10.67,19.74,14.98,Cold Storage,Available,314.58,W004,,
SRW0060195,R980,7.95,6.24,10.51,Cold Storage,Reserved,360.4,W006,L00485,emily.robinson9420@yahoo.com
SRW0040196,R648,14.05,28.5,5.66,Hazardous Materials Storage,Occupied,290.83,W004,L02249,amber.davis528@gmail.com
SRW0050197,R718,45.19,45.19,11.9,Dry Storage,Reserved,433.56,W005,L00926,troy.turner5668@hotmail.com
SRW0080198,R395,29.64,13.99,14.85,General Storage,Occupied,218.11,W008,L01649,richard.thomas5684@hotmail.com
SRW0100199,R358,17.6,32.58,3.69,Cold Storage,Occupied,85.59,W010,L01919,donna.martin4480@yahoo.com
SRW0090200,R447,9.37,5.98,4.05,Bulk Storage,Available,181.75,W009,,
SRW0010201,R834,7.46,14.95,12.85,Hazardous Materials Storage,Available,476.8,W001,,
SRW0100202,R362,35.04,37.35,12.04,General Storage,Reserved,392.76,W010,L02679,jennifer.johnston3429@hotmail.com
SRW0060203,R855,48.13,9.76,9.08,General Storage,Reserved,116.32,W006,L00807,victor.acevedo3124@gmail.com
SRW0100204,R104,39.78,30.82,11.46,Bulk Storage,Reserved,342.02,W010,L02155,mario.johnson3519@gmail.com
SRW0050205,R586,26.09,40.54,13.93,General Storage,Reserved,76.8,W005,L02573,lawrence.lewis5974@gmail.com
SRW0080206,R806,9.14,21.8,6.33,Hazardous Materials Storage,Available,117.21,W008,,
SRW0030207,R648,12.0,47.06,4.32,Dry Storage,Reserved,488.1,W003,L00385,jessica.hensley6857@yahoo.com
SRW0020208,R817,38.58,26.98,3.47,Hazardous Materials Storage,Reserved,62.94,W002,L00665,alicia.johnson7511@hotmail.com
SRW0020209,R627,21.16,21.17,13.27,Hazardous Materials Storage,Available,400.52,W002,,
SRW0080210,R828,13.45,23.06,4.87,Hazardous Materials Storage,Under Maintenance,268.09,W008,,
SRW0080211,R487,38.8,35.66,13.82,Hazardous Materials Storage,Available,475.64,W008,,
SRW0040212,R788,32.55,9.38,13.0,General Storage,Occupied,399.33,W004,L00537,grant.carroll8091@hotmail.com
SRW0040213,R838,41.74,34.67,5.88,Bulk Storage,Reserved,427.02,W004,L00135,willie.carson7704@yahoo.com
SRW0040214,R596,26.1,23.29,14.31,General Storage,Occupied,201.64,W004,L01652,paul.wilson229@hotmail.com
SRW0050215,R230,12.39,49.23,4.03,Bulk Storage,Occupied,302.32,W005,L00378,john.golden9423@gmail.com
SRW0100216,R590,19.07,40.21,13.85,Cold Storage,Occupied,204.98,W010,L00050,randall.serrano316@gmail.com
SRW0100217,R563,7.37,7.26,4.73,Cold Storage,Reserved,85.98,W010,L01265,john.ford419@gmail.com
SRW0010218,R157,13.98,12.58,11.17,Hazardous Materials Storage,Under Maintenance,302.87,W001,,
SRW0100219,R168,41.83,6.28,9.54,Cold Storage,Occupied,403.9,W010,L02147,misty.kaufman5892@hotmail.com
SRW0060220,R648,5.38,14.4,10.83,Cold Storage,Available,236.32,W006,,
SRW0100221,R677,41.28,12.59,3.32,Cold Storage,Under Maintenance,53.85,W010,,
SRW0090222,R807,48.22,38.73,11.58,Bulk Storage,Occupied,298.18,W009,L02011,krista.roberts6671@gmail.com
SRW0010223,R745,38.2,24.5,10.02,Hazardous Materials Storage,Under Maintenance,102.42,W001,,
SRW0090224,R623,49.74,23.8,7.39,Dry Storage,Occupied,117.89,W009,L01133,julie.rojas1106@yahoo.com
SRW0020225,R368,11.66,34.47,10.76,Hazardous Materials Storage,Reserved,378.73,W002,L00772,bradley.ramos27@hotmail.com
SRW0030226,R580,13.38,19.99,13.76,Bulk Storage,Occupied,477.19,W003,L02285,joseph.allen2412@gmail.com
SRW0050227,R994,21.72,44.04,9.89,Cold Storage,Available,368.76,W005,,
SRW0010228,R151,25.4,46.85,6.64,Bulk Storage,Available,468.67,W001,,
SRW0020229,R446,13.98,23.67,10.74,Dry Storage,Under Maintenance,131.81,W002,,
SRW0040230,R215,47.41,17.88,5.18,General Storage,Occupied,258.45,W004,L00633,linda.zuniga8614@yahoo.com
SRW0060231,R465,39.58,48.38,11.91,General Storage,Reserved,335.09,W006,L01396,sara.wilson4545@yahoo.com
SRW0030232,R158,6.89,42.66,6.74,General Storage,Reserved,357.65,W003,L02851,samantha.maxwell1203@hotmail.com
SRW0040233,R142,41.45,8.41,5.78,Cold Storage,Under Maintenance,458.81,W004,,
SRW0010234,R137,40.34,35.0,10.86,Cold Storage,Occupied,187.33,W001,L02448,henry.franco2326@yahoo.com
SRW0040235,R372,18.59,27.87,10.11,General Storage,Occupied,388.19,W004,L01271,rebekah.white4707@hotmail.com
SRW0100236,R174,31.71,10.44,14.54,Cold Storage,Available,327.02,W010,,
SRW0020237,R166,36.04,27.88,4.15,General Storage,Reserved,221.3,W002,L02976,michelle.matthews5667@gmail.com
SRW0090238,R104,27.22,39.27,3.51,Cold Storage,Occupied,405.29,W009,L02986,kimberly.kim3975@gmail.com
SRW0040239,R241,21.8,27.22,5.2,Dry Storage,Available,343.38,W004,,
SRW0100240,R782,32.23,5.66,12.65,General Storage,Under Maintenance,294.23,W010,,
SRW0100241,R324,23.42,8.68,11.11,Dry Storage,Occupied,379.11,W010,L01594,patricia.smith9530@gmail.com
SRW0030242,R477,44.77,42.89,14.67,Hazardous Materials Storage,Occupied,496.88,W003,L00926,troy.turner5668@hotmail.com
SRW0020243,R994,11.89,13.35,6.12,Hazardous Materials Storage,Under Maintenance,269.94,W002,,
SRW0080244,R996,24.2,26.97,13.58,Bulk Storage,Available,453.51,W008,,
SRW0020245,R658,33.35,17.71,6.29,General Storage,Available,106.69,W002,,
SRW0050246,R944,8.88,14.47,13.56,Bulk Storage,Occupied,404.31,W005,L00368,andrew.davis4060@gmail.com
SRW0090247,R964,6.02,40.7,10.13,Dry Storage,Reserved,420.81,W009,L02779,erica.johnson3084@yahoo.com
SRW0020248,R236,47.03,13.05,13.39,Dry Storage,Available,184.28,W002,,
SRW0030249,R713,14.45,14.12,13.23,Cold Storage,Occupied,248.17,W003,L02417,tabitha.martin8408@gmail.com
SRW0080250,R559,6.39,42.51,10.32,General Storage,Under Maintenance,263.1,W008,,
SRW0010251,R818,8.42,11.67,9.14,General Storage,Under Maintenance,115.8,W001,,
SRW0100252,R309,24.2,47.48,3.79,Cold Storage,Available,346.43,W010,,
SRW0080253,R686,27.76,41.42,9.65,General Storage,Under Maintenance,417.92,W008,,
SRW0090254,R819,22.4,13.64,11.1,Dry Storage,Reserved,372.71,W009,L01168,michele.brown6680@hotmail.com
SRW0030255,R864,31.78,24.19,4.96,Dry Storage,Under Maintenance,207.86,W003,,
SRW0080256,R939,12.38,39.09,11.95,General Storage,Occupied,399.59,W008,L01734,brittney.frost882@gmail.com
SRW0100257,R969,6.69,20.11,11.22,General Storage,Under Maintenance,76.62,W010,,
SRW0080258,R855,37.11,22.98,9.08,Bulk Storage,Occupied,98.78,W008,L00971,stephen.combs4412@hotmail.com
SRW0080259,R862,43.51,43.49,6.32,Hazardous Materials Storage,Under Maintenance,57.36,W008,,
SRW0060260,R704,30.6,28.62,14.27,Dry Storage,Under Maintenance,317.1,W006,,
SRW0030261,R579,42.83,20.37,5.54,General Storage,Under Maintenance,146.69,W003,,
SRW0030262,R466,20.43,21.14,8.87,Dry Storage,Occupied,309.89,W003,L02034,joseph.ramirez5842@hotmail.com
SRW0050263,R398,45.06,23.0,5.89,General Storage,Occupied,193.47,W005,L01946,jeremy.powers4829@yahoo.com
SRW0020264,R523,10.58,34.92,13.86,General Storage,Occupied,186.37,W002,L00004,troy.stevens7248@yahoo.com
SRW0100265,R689,41.51,47.41,12.51,Hazardous Materials Storage,Under Maintenance,156.12,W010,,
SRW0100266,R178,24.1,44.81,11.49,Cold Storage,Occupied,103.23,W010,L02802,mikayla.curtis1640@hotmail.com
SRW0010267,R948,26.52,28.36,11.5,General Storage,Reserved,115.49,W001,L00856,anna.martinez9075@gmail.com
SRW0030268,R815,33.54,47.86,9.01,Bulk Storage,Under Maintenance,270.83,W003,,
SRW0050269,R981,35.04,16.55,14.91,Cold Storage,Reserved,222.17,W005,L00883,heidi.gilmore7783@yahoo.com
SRW0060270,R159,18.46,26.76,11.62,Cold Storage,Occupied,65.53,W006,L02136,allison.hubbard6797@hotmail.com
SRW0040271,R272,37.54,31.8,10.51,Bulk Storage,Reserved,475.79,W004,L01413,catherine.wilcox8273@gmail.com
SRW0020272,R100,29.17,7.4,6.38,General Storage,Available,467.64,W002,,
SRW0050273,R398,49.91,38.83,11.08,Cold Storage,Reserved,353.29,W005,L00146,matthew.allen7914@yahoo.com
SRW0030274,R448,25.69,44.87,9.11,Bulk Storage,Under Maintenance,143.14,W003,,
SRW0090275,R429,29.5,17.57,10.8,Cold Storage,Reserved,246.78,W009,L00178,mary.perez9708@gmail.com
SRW0100276,R626,19.37,10.82,3.9,Hazardous Materials Storage,Reserved,359.49,W010,L01430,sara.wilson4545@yahoo.com
SRW0020277,R574,46.15,12.59,8.96,General Storage,Available,70.75,W002,,
SRW0030278,R326,35.84,24.32,10.24,Hazardous Materials Storage,Reserved,408.7,W003,L02218,robert.powell5709@yahoo.com
SRW0040279,R615,32.72,12.84,13.92,General Storage,Available,179.74,W004,,
SRW0050280,R130,5.55,26.45,6.61,Dry Storage,Reserved,304.78,W005,L00783,john.norris9089@gmail.com
SRW0020281,R535,8.59,10.95,13.37,Hazardous Materials Storage,Under Maintenance,293.76,W002,,
SRW0090282,R741,31.29,41.63,10.73,Dry Storage,Occupied,325.1,W009,L01988,courtney.ray7991@yahoo.com
SRW0080283,R558,38.79,27.62,14.46,Dry Storage,Occupied,405.42,W008,L00755,darrell.cannon7302@gmail.com
SRW0030284,R694,48.0,25.39,7.92,Cold Storage,Occupied,120.44,W003,L02514,ronald.richards9398@gmail.com
SRW0080285,R556,41.85,33.02,4.67,General Storage,Occupied,138.26,W008,L02108,david.brown3559@gmail.com
SRW0100286,R438,38.59,6.16,11.88,General Storage,Occupied,235.73,W010,L02022,william.hernandez1850@hotmail.com
SRW0050287,R331,10.01,15.61,4.13,General Storage,Reserved,406.57,W005,L02022,william.hernandez1850@hotmail.com
SRW0060288,R757,14.77,15.12,4.36,Hazardous Materials Storage,Occupied,148.18,W006,L00582,madeline.cameron868@yahoo.com
SRW0100289,R100,22.8,11.32,8.27,Cold Storage,Reserved,156.77,W010,L02838,james.nelson1587@yahoo.com
SRW0070290,R694,30.63,12.34,11.3,Bulk Storage,Occupied,56.21,W007,L02500,jacqueline.kelley5371@yahoo.com
SRW0050291,R745,45.37,29.48,4.74,Dry Storage,Available,290.73,W005,,
SRW0060292,R310,44.73,12.15,3.75,Dry Storage,Under Maintenance,134.72,W006,,
SRW0040293,R972,41.7,12.13,7.03,General Storage,Under Maintenance,348.0,W004,,
SRW0090294,R755,32.84,7.91,14.66,Bulk Storage,Under Maintenance,433.32,W009,,
SRW0020295,R570,32.66,36.8,9.41,Bulk Storage,Under Maintenance,254.23,W002,,
SRW0020296,R525,31.45,43.8,10.28,General Storage,Occupied,158.89,W002,L00497,lucas.gordon7112@yahoo.com
SRW0040297,R754,48.31,25.84,11.56,Hazardous Materials Storage,Available,204.51,W004,,
SRW0030298,R809,33.54,19.71,10.41,Bulk Storage,Reserved,233.3,W003,L01018,kristina.garcia4595@yahoo.com
SRW0080299,R403,12.49,30.49,5.33,General Storage,Under Maintenance,59.99,W008,,
SRW0070300,R934,12.57,16.67,8.69,General Storage,Reserved,329.27,W007,L02587,john.wise8973@yahoo.com
SRW0070301,R262,37.53,44.34,3.36,General Storage,Reserved,119.86,W007,L02285,joseph.allen2412@gmail.com
SRW0020302,R847,45.71,48.55,5.67,Cold Storage,Available,260.18,W002,,
SRW0090303,R920,16.52,14.92,5.98,Hazardous Materials Storage,Occupied,115.82,W009,L01010,anthony.williams9843@gmail.com
SRW0080304,R119,41.91,6.5,14.7,General Storage,Available,362.35,W008,,
SRW0050305,R835,6.9,7.97,3.8,General Storage,Occupied,200.99,W005,L01500,brian.cannon2825@yahoo.com
SRW0030306,R321,5.96,12.55,7.93,Hazardous Materials Storage,Reserved,183.94,W003,L02174,david.holmes2764@yahoo.com
SRW0050307,R949,25.75,48.15,12.84,Dry Storage,Under Maintenance,476.57,W005,,
SRW0030308,R925,35.96,39.13,8.25,General Storage,Available,157.61,W003,,
SRW0030309,R746,30.27,11.37,8.9,Dry Storage,Occupied,131.6,W003,L02459,erin.bennett8713@hotmail.com
SRW0010310,R705,33.66,27.65,8.73,Bulk Storage,Occupied,212.41,W001,L00850,melanie.robinson1391@gmail.com
SRW0090311,R576,28.24,40.46,10.21,General Storage,Under Maintenance,293.38,W009,,
SRW0080312,R405,46.27,29.4,3.78,Cold Storage,Under Maintenance,145.77,W008,,
SRW0010313,R336,6.62,42.24,14.09,Cold Storage,Occupied,423.5,W001,L01305,jill.fisher8243@hotmail.com
SRW0050314,R889,14.72,12.67,3.66,Dry Storage,Available,497.96,W005,,
SRW0070315,R152,5.79,21.19,3.79,Cold Storage,Reserved,428.05,W007,L00075,michael.moore9112@yahoo.com
SRW0060316,R719,43.28,36.76,6.54,General Storage,Occupied,147.82,W006,L00744,isaiah.clark2207@yahoo.com
SRW0010317,R300,24.15,44.01,3.45,Dry Storage,Occupied,462.39,W001,L00499,tonya.jones4825@yahoo.com
SRW0030318,R856,39.65,45.3,14.74,General Storage,Reserved,432.24,W003,L00280,tina.watson6881@gmail.com
SRW0020319,R910,5.23,28.05,10.83,Bulk Storage,Under Maintenance,260.53,W002,,
SRW0020320,R665,15.01,47.75,9.39,Bulk Storage,Occupied,480.34,W002,L02268,rachel.lopez6547@gmail.com
SRW0070321,R567,48.82,49.57,9.93,Cold Storage,Available,407.14,W007,,
SRW0040322,R843,25.76,21.17,10.41,General Storage,Available,82.01,W004,,
SRW0060323,R351,20.63,27.9,9.2,Dry Storage,Occupied,454.67,W006,L01911,noah.clarke7094@gmail.com
SRW0040324,R163,35.53,44.54,8.84,Dry Storage,Reserved,199.47,W004,L02772,jennifer.espinoza1950@hotmail.com
SRW0060325,R123,25.09,23.69,4.69,General Storage,Occupied,222.13,W006,L01559,jeffery.bird5020@gmail.com
SRW0020326,R740,10.83,11.24,6.78,Cold Storage,Available,63.46,W002,,
SRW0080327,R546,32.9,40.39,5.56,Bulk Storage,Under Maintenance,295.55,W008,,
SRW0040328,R785,26.26,26.5,6.49,Dry Storage,Reserved,301.08,W004,L00155,david.tanner4031@hotmail.com
SRW0080329,R327,29.48,34.12,10.53,Bulk Storage,Reserved,389.47,W008,L02321,jessica.miller3960@yahoo.com
SRW0070330,R683,30.19,32.15,13.3,Dry Storage,Under Maintenance,156.55,W007,,
SRW0060331,R706,13.62,45.03,12.27,Cold Storage,Reserved,336.68,W006,L02249,amber.davis528@gmail.com
SRW0090332,R549,33.68,26.24,10.98,Bulk Storage,Occupied,411.84,W009,L01761,patricia.thomas225@gmail.com
SRW0080333,R920,19.46,34.91,3.42,General Storage,Occupied,370.87,W008,L01770,rick.avery7989@yahoo.com
SRW0070334,R243,17.84,29.79,5.27,Hazardous Materials Storage,Under Maintenance,318.69,W007,,
SRW0020335,R245,31.35,9.92,6.05,Cold Storage,Occupied,347.95,W002,L02255,kenneth.young6082@yahoo.com
SRW0050336,R797,13.83,10.43,13.27,Cold Storage,Occupied,464.47,W005,L00378,john.golden9423@gmail.com
SRW0100337,R940,28.38,34.37,8.27,Hazardous Materials Storage,Available,187.36,W010,,
SRW0100338,R266,14.16,11.6,14.23,Dry Storage,Reserved,53.66,W010,L01838,stephen.weiss4970@hotmail.com
SRW0040339,R786,17.21,30.46,13.55,Cold Storage,Reserved,341.89,W004,L02007,jonathon.wise738@hotmail.com
SRW0020340,R627,42.39,19.72,3.24,Hazardous Materials Storage,Occupied,145.23,W002,L00378,john.golden9423@gmail.com
SRW0090341,R557,9.51,45.21,6.48,General Storage,Reserved,344.72,W009,L01375,bradley.clayton3988@yahoo.com
SRW0100342,R544,10.28,26.26,11.92,Dry Storage,Reserved,250.64,W010,L01930,gregory.flores9153@gmail.com
SRW0070343,R463,7.16,21.46,10.48,Bulk Storage,Under Maintenance,106.78,W007,,
SRW0050344,R565,38.49,26.1,3.57,Cold Storage,Under Maintenance,52.94,W005,,
SRW0020345,R245,39.59,32.93,7.93,Bulk Storage,Reserved,432.9,W002,L01602,anna.briggs4682@yahoo.com
SRW0080346,R710,47.92,5.76,4.12,General Storage,Occupied,348.79,W008,L01431,christopher.kemp6245@hotmail.com
SRW0060347,R782,47.46,11.83,14.64,Bulk Storage,Under Maintenance,266.95,W006,,
SRW0040348,R511,29.38,36.25,14.59,Hazardous Materials Storage,Available,253.17,W004,,
SRW0100349,R674,14.61,26.59,5.54,General Storage,Available,105.03,W010,,
SRW0070350,R141,18.18,35.57,11.63,Hazardous Materials Storage,Reserved,120.56,W007,L02537,margaret.mccarty5573@hotmail.com
SRW0100351,R122,21.64,8.97,11.23,Hazardous Materials Storage,Reserved,490.92,W010,L00654,bryan.chambers1840@gmail.com
SRW0030352,R599,42.63,9.22,14.96,Hazardous Materials Storage,Reserved,474.79,W003,L01691,allison.robinson3242@hotmail.com
SRW0070353,R843,9.43,42.13,3.8,Hazardous Materials Storage,Occupied,116.22,W007,L00711,daniel.choi7239@hotmail.com
SRW0010354,R280,49.14,46.81,11.36,Bulk Storage,Under Maintenance,219.5,W001,,
SRW0010355,R910,16.38,37.65,10.58,Dry Storage,Available,380.94,W001,,
SRW0040356,R680,10.19,13.44,11.69,Hazardous Materials Storage,Available,144.83,W004,,
SRW0090357,R180,12.2,23.09,3.78,Bulk Storage,Occupied,490.54,W009,L02724,lindsey.miller4808@yahoo.com
SRW0050358,R775,27.5,15.88,6.67,Dry Storage,Reserved,457.32,W005,L01769,jeffrey.phillips8080@yahoo.com
SRW0070359,R773,28.11,6.07,12.45,Dry Storage,Available,279.15,W007,,
SRW0090360,R523,41.92,14.74,6.18,General Storage,Available,159.4,W009,,
SRW0080361,R766,18.15,35.01,5.51,General Storage,Reserved,127.49,W008,L02535,rebekah.white4707@hotmail.com
SRW0050362,R302,9.35,35.68,11.51,Bulk Storage,Occupied,227.61,W005,L01556,cameron.white6826@gmail.com
SRW0070363,R587,32.07,41.86,12.13,Bulk Storage,Under Maintenance,352.6,W007,,
SRW0090364,R131,21.71,21.32,6.99,General Storage,Occupied,91.18,W009,L00978,roger.avery4582@yahoo.com
SRW0100365,R200,7.82,41.91,14.44,Dry Storage,Occupied,69.22,W010,L02343,mary.cervantes2922@hotmail.com
SRW0090366,R856,15.0,48.2,14.28,Cold Storage,Available,82.09,W009,,
SRW0030367,R684,46.64,31.22,14.18,General Storage,Occupied,211.74,W003,L00513,thomas.ramos631@yahoo.com
SRW0030368,R191,38.99,20.26,7.27,Dry Storage,Occupied,206.95,W003,L02355,james.tran9721@hotmail.com
SRW0020369,R500,12.69,41.39,11.4,General Storage,Under Maintenance,296.03,W002,,
SRW0010370,R543,10.64,14.86,5.56,Bulk Storage,Available,395.6,W001,,
SRW0020371,R930,7.62,15.34,14.38,General Storage,Occupied,199.07,W002,L02158,mitchell.smith4071@yahoo.com
SRW0060372,R836,17.12,37.36,4.17,General Storage,Occupied,183.87,W006,L02336,erin.montes5631@hotmail.com
SRW0100373,R200,11.63,17.81,3.64,Bulk Storage,Under Maintenance,215.62,W010,,
SRW0060374,R217,37.11,5.44,13.29,Dry Storage,Reserved,264.02,W006,L02442,katherine.shannon4890@yahoo.com
SRW0030375,R482,17.19,13.61,10.99,Cold Storage,Available,214.62,W003,,
SRW0090376,R646,45.6,37.94,14.16,Dry Storage,Under Maintenance,318.88,W009,,
SRW0100377,R158,22.75,43.91,10.91,General Storage,Reserved,385.61,W010,L00559,anthony.williams9843@gmail.com
SRW0040378,R655,40.08,16.46,6.68,General Storage,Reserved,96.98,W004,L02429,brenda.garcia284@gmail.com
SRW0060379,R784,5.13,17.92,10.74,Hazardous Materials Storage,Occupied,410.13,W006,L00675,ashley.summers5967@gmail.com
SRW0050380,R893,10.37,29.15,11.5,Bulk Storage,Occupied,132.68,W005,L02417,tabitha.martin8408@gmail.com
SRW0050381,R321,42.8,40.94,8.86,Cold Storage,Occupied,484.71,W005,L02427,david.brown3559@gmail.com
SRW0020382,R764,25.18,10.54,13.39,Cold Storage,Available,337.26,W002,,
SRW0030383,R525,20.8,8.97,10.33,Bulk Storage,Reserved,175.03,W003,L00635,mary.hart20@gmail.com
SRW0010384,R156,32.18,27.74,8.66,Bulk Storage,Reserved,353.46,W001,L02985,cynthia.patrick2189@yahoo.com
SRW0010385,R464,8.3,24.65,13.78,Cold Storage,Available,419.86,W001,,
SRW0010386,R935,30.59,17.64,8.85,Hazardous Materials Storage,Under Maintenance,399.8,W001,,
SRW0010387,R371,35.72,40.62,13.31,Hazardous Materials Storage,Reserved,158.32,W001,L00563,victor.acevedo3124@gmail.com
SRW0010388,R594,22.03,30.23,4.02,Cold Storage,Occupied,325.45,W001,L00141,francis.sosa9678@yahoo.com
SRW0030389,R456,32.86,40.38,11.89,Bulk Storage,Reserved,196.5,W003,L00593,melinda.foster9613@hotmail.com
SRW0080390,R455,11.07,25.93,11.53,Cold Storage,Reserved,237.71,W008,L00056,david.obrien1811@gmail.com
SRW0050391,R197,25.63,43.61,10.6,Bulk Storage,Under Maintenance,372.17,W005,,
SRW0100392,R649,26.42,14.75,8.1,General Storage,Available,50.76,W010,,
SRW0070393,R403,28.98,47.4,9.01,Cold Storage,Under Maintenance,190.71,W007,,
SRW0060394,R329,49.66,29.89,12.86,Bulk Storage,Under Maintenance,427.74,W006,,
SRW0070395,R499,48.47,7.6,6.87,Dry Storage,Available,158.8,W007,,
SRW0040396,R435,41.86,40.29,10.86,Dry Storage,Available,261.22,W004,,
SRW0050397,R129,9.95,28.81,4.39,Bulk Storage,Under Maintenance,458.12,W005,,
SRW0030398,R372,5.18,27.62,14.19,General Storage,Under Maintenance,190.18,W003,,
SRW0050399,R875,17.48,6.79,3.35,Dry Storage,Occupied,55.66,W005,L00593,melinda.foster9613@hotmail.com
SRW0060400,R570,17.03,49.35,12.47,Dry Storage,Available,455.06,W006,,
SRW0050401,R628,31.1,28.18,3.58,Bulk Storage,Occupied,421.41,W005,L02891,kim.villa9107@yahoo.com
SRW0010402,R852,12.06,34.29,10.86,Cold Storage,Available,98.73,W001,,
SRW0090403,R583,35.45,9.41,11.53,General Storage,Occupied,139.24,W009,L02649,james.thompson491@gmail.com
SRW0020404,R866,21.3,23.72,9.47,Cold Storage,Available,479.13,W002,,
SRW0040405,R897,17.69,6.61,11.35,Cold Storage,Available,440.05,W004,,
SRW0020406,R326,15.39,42.65,8.37,Hazardous Materials Storage,Under Maintenance,159.17,W002,,
SRW0010407,R120,27.47,25.08,8.19,Cold Storage,Occupied,362.01,W001,L00108,bruce.gross851@yahoo.com
SRW0060408,R526,34.98,34.28,11.11,General Storage,Occupied,156.9,W006,L00137,alicia.torres4455@hotmail.com
SRW0040409,R596,18.74,28.29,6.95,Hazardous Materials Storage,Under Maintenance,258.34,W004,,
SRW0090410,R115,40.8,12.82,8.45,Dry Storage,Available,484.89,W009,,
SRW0040411,R963,7.35,12.43,3.82,General Storage,Reserved,442.42,W004,L01442,kimberly.kim3975@gmail.com
SRW0100412,R110,14.53,49.16,12.84,General Storage,Available,106.26,W010,,
SRW0070413,R443,47.72,9.48,10.5,General Storage,Reserved,455.69,W007,L01916,michael.rogers2970@gmail.com
SRW0090414,R719,18.28,9.82,6.99,General Storage,Reserved,378.48,W009,L02746,robin.dominguez5393@yahoo.com
SRW0040415,R822,5.18,7.23,9.99,General Storage,Reserved,180.18,W004,L01463,cynthia.jensen7899@yahoo.com
SRW0050416,R659,15.94,11.33,7.89,Cold Storage,Available,105.2,W005,,
SRW0020417,R845,6.82,17.34,10.31,Hazardous Materials Storage,Occupied,207.39,W002,L02134,victor.schultz6521@yahoo.com
SRW0100418,R310,41.33,12.52,6.67,General Storage,Occupied,137.18,W010,L02025,felicia.wagner7143@yahoo.com
SRW0080419,R488,10.97,29.19,14.93,Dry Storage,Occupied,347.6,W008,L00315,angela.roberson4563@gmail.com
SRW0080420,R435,16.75,9.71,10.46,Dry Storage,Under Maintenance,454.63,W008,,
SRW0010421,R871,11.01,32.7,4.61,General Storage,Under Maintenance,289.27,W001,,
SRW0100422,R147,28.9,8.06,8.61,Hazardous Materials Storage,Under Maintenance,318.08,W010,,
SRW0090423,R644,33.94,37.28,3.34,Hazardous Materials Storage,Occupied,450.54,W009,L01016,david.martinez2296@yahoo.com
SRW0070424,R649,12.16,33.96,13.46,Cold Storage,Reserved,343.11,W007,L00445,alicia.torres4455@hotmail.com
SRW0050425,R143,15.47,34.92,8.86,Hazardous Materials Storage,Reserved,108.82,W005,L02653,danielle.mcconnell143@gmail.com
SRW0020426,R460,40.01,17.53,5.51,Hazardous Materials Storage,Available,112.91,W002,,
SRW0090427,R766,11.8,49.65,11.32,Hazardous Materials Storage,Occupied,146.24,W009,L01209,alyssa.waters5947@gmail.com
SRW0070428,R998,29.98,30.44,10.26,Hazardous Materials Storage,Reserved,154.66,W007,L00155,david.tanner4031@hotmail.com
SRW0010429,R422,15.34,37.27,10.58,Bulk Storage,Available,433.85,W001,,
SRW0020430,R491,48.61,35.63,4.21,Cold Storage,Reserved,321.32,W002,L02930,michele.clark9082@hotmail.com
SRW0090431,R998,35.54,32.48,14.73,General Storage,Occupied,303.33,W009,L01823,christopher.hale1969@gmail.com
SRW0010432,R506,49.01,49.71,9.58,General Storage,Available,185.29,W001,,
SRW0090433,R658,20.84,23.68,8.27,General Storage,Under Maintenance,200.53,W009,,
SRW0010434,R306,27.55,43.74,14.23,Cold Storage,Under Maintenance,325.41,W001,,
SRW0040435,R492,5.73,33.32,8.27,Cold Storage,Reserved,488.64,W004,L00068,courtney.fry436@hotmail.com
SRW0010436,R389,25.83,47.15,7.69,Bulk Storage,Under Maintenance,203.38,W001,,
SRW0040437,R637,43.39,39.58,3.33,Dry Storage,Occupied,257.94,W004,L01227,leonard.terry2563@yahoo.com
SRW0060438,R977,10.35,47.29,3.28,Dry Storage,Available,359.02,W006,,
SRW0040439,R600,29.37,13.19,4.55,Bulk Storage,Reserved,282.97,W004,L01917,robert.moody4298@hotmail.com
SRW0100440,R594,39.52,39.87,6.67,General Storage,Under Maintenance,346.83,W010,,
SRW0070441,R372,31.59,15.12,9.5,Hazardous Materials Storage,Occupied,376.76,W007,L02886,joseph.day841@yahoo.com
SRW0010442,R618,7.53,13.58,10.92,Cold Storage,Reserved,306.13,W001,L00298,steven.wilson6427@hotmail.com
SRW0030443,R920,16.15,20.44,4.74,Dry Storage,Under Maintenance,287.2,W003,,
SRW0020444,R125,19.16,38.36,14.82,General Storage,Under Maintenance,131.99,W002,,
SRW0010445,R364,23.94,40.28,3.34,General Storage,Occupied,415.64,W001,L00805,cynthia.wilson6240@gmail.com
SRW0080446,R845,8.31,47.49,12.23,Dry Storage,Available,282.72,W008,,
SRW0050447,R686,24.21,21.56,8.87,Hazardous Materials Storage,Available,130.74,W005,,
SRW0040448,R497,14.44,25.79,11.8,General Storage,Under Maintenance,203.38,W004,,
SRW0010449,R458,42.9,49.16,3.05,General Storage,Under Maintenance,212.27,W001,,
SRW0050450,R218,14.25,34.33,3.64,General Storage,Under Maintenance,152.54,W005,,
SRW0010451,R738,47.33,41.43,14.87,Cold Storage,Reserved,310.03,W001,L02526,heather.bryant1686@yahoo.com
SRW0060452,R144,29.61,23.56,6.82,Bulk Storage,Available,401.08,W006,,
SRW0060453,R370,39.81,30.32,8.44,Hazardous Materials Storage,Under Maintenance,149.57,W006,,
SRW0100454,R371,46.13,38.37,8.95,Bulk Storage,Available,363.75,W010,,
SRW0020455,R755,12.52,23.53,13.13,Cold Storage,Under Maintenance,194.85,W002,,
SRW0050456,R636,35.15,10.03,12.83,Hazardous Materials Storage,Reserved,186.18,W005,L02691,matthew.merritt8347@gmail.com
SRW0010457,R838,37.99,45.31,3.6,Dry Storage,Reserved,208.75,W001,L01548,brian.rivera8243@gmail.com
SRW0060458,R562,41.59,12.54,13.75,Dry Storage,Reserved,443.37,W006,L00317,samuel.herrera4627@hotmail.com
SRW0040459,R724,18.24,49.1,4.37,Hazardous Materials Storage,Under Maintenance,424.29,W004,,
SRW0070460,R231,35.91,49.26,14.28,Cold Storage,Occupied,452.61,W007,L02200,jared.haney2813@hotmail.com
SRW0010461,R272,41.07,21.19,14.51,Hazardous Materials Storage,Under Maintenance,437.08,W001,,
SRW0050462,R176,11.45,36.29,10.2,Hazardous Materials Storage,Under Maintenance,348.06,W005,,
SRW0090463,R111,36.97,35.37,6.11,Bulk Storage,Occupied,342.24,W009,L01906,jonathan.velazquez4346@hotmail.com
SRW0020464,R709,36.71,30.28,5.17,General Storage,Available,217.43,W002,,
SRW0040465,R370,20.05,37.79,13.54,Cold Storage,Available,460.33,W004,,
SRW0040466,R302,40.17,37.01,7.79,Bulk Storage,Under Maintenance,475.11,W004,,
SRW0030467,R975,24.15,41.64,12.45,Cold Storage,Occupied,120.32,W003,L00037,alexander.walton3320@hotmail.com
SRW0070468,R185,30.95,49.6,3.86,Cold Storage,Available,165.34,W007,,
SRW0010469,R718,49.84,33.05,9.57,General Storage,Reserved,436.09,W001,L01446,juan.woodard6506@yahoo.com
SRW0070470,R592,8.71,42.79,6.75,Bulk Storage,Reserved,281.53,W007,L01197,mary.perez9708@gmail.com
SRW0100471,R408,6.11,15.79,12.24,Bulk Storage,Under Maintenance,350.28,W010,,
SRW0040472,R729,8.51,12.38,13.13,Dry Storage,Reserved,260.95,W004,L02716,tammy.schultz4047@hotmail.com
SRW0070473,R129,18.73,39.57,9.58,Hazardous Materials Storage,Occupied,178.78,W007,L02782,maria.garrison3594@hotmail.com
SRW0050474,R626,16.94,22.27,13.11,Cold Storage,Reserved,100.56,W005,L02243,emily.brown5615@hotmail.com
SRW0010475,R543,32.74,42.0,9.88,Cold Storage,Reserved,485.59,W001,L02518,joseph.gillespie4754@gmail.com
SRW0020476,R158,10.32,29.77,4.54,Hazardous Materials Storage,Available,66.7,W002,,
SRW0080477,R629,37.04,22.09,4.72,Bulk Storage,Under Maintenance,477.52,W008,,
SRW0050478,R328,39.3,17.0,13.42,Hazardous Materials Storage,Reserved,122.89,W005,L02837,teresa.reeves425@hotmail.com
SRW0050479,R694,11.16,34.18,5.03,Cold Storage,Reserved,443.01,W005,L00459,manuel.chapman1865@yahoo.com
SRW0090480,R874,14.3,43.69,4.73,Cold Storage,Available,110.26,W009,,
SRW0060481,R656,16.68,35.64,6.58,Cold Storage,Reserved,288.94,W006,L01086,stacy.armstrong9208@gmail.com
SRW0070482,R645,34.68,14.61,8.46,Hazardous Materials Storage,Occupied,232.43,W007,L01627,amber.douglas224@yahoo.com
SRW0080483,R142,25.99,21.99,6.48,Hazardous Materials Storage,Occupied,343.75,W008,L01221,jennifer.herrera7747@yahoo.com
SRW0100484,R222,43.37,19.44,7.5,General Storage,Reserved,274.63,W010,L00037,alexander.walton3320@hotmail.com
SRW0090485,R629,42.89,29.98,6.68,Hazardous Materials Storage,Available,371.69,W009,,
SRW0070486,R988,31.74,25.27,6.75,Dry Storage,Occupied,88.32,W007,L01696,jeffrey.hurley8859@yahoo.com
SRW0070487,R819,46.82,33.15,4.51,Hazardous Materials Storage,Available,185.23,W007,,
SRW0030488,R757,18.19,11.69,12.35,Bulk Storage,Occupied,484.44,W003,L02205,fernando.fischer8880@hotmail.com
SRW0080489,R137,16.05,25.03,5.84,Hazardous Materials Storage,Available,221.5,W008,,
SRW0050490,R209,38.98,42.08,5.58,General Storage,Reserved,460.88,W005,L00343,timothy.guerrero3400@gmail.com
SRW0060491,R598,31.13,47.75,9.63,Hazardous Materials Storage,Reserved,66.34,W006,L02198,deborah.dalton895@hotmail.com
SRW0030492,R790,48.09,41.82,7.62,Bulk Storage,Under Maintenance,88.44,W003,,
SRW0020493,R122,23.02,44.62,8.88,Dry Storage,Reserved,247.99,W002,L01077,caleb.kent4044@hotmail.com
SRW0030494,R265,5.26,23.61,12.7,Dry Storage,Occupied,437.96,W003,L02012,dennis.white643@hotmail.com
SRW0070495,R740,49.38,28.89,3.02,Dry Storage,Under Maintenance,390.32,W007,,
SRW0050496,R679,47.31,38.62,13.65,Hazardous Materials Storage,Reserved,240.18,W005,L02852,grace.deleon2324@gmail.com
SRW0100497,R603,46.64,35.63,12.1,Dry Storage,Under Maintenance,463.5,W010,,
SRW0070498,R727,23.04,14.53,12.51,Cold Storage,Reserved,135.7,W007,L00932,nicole.burgess3164@hotmail.com
SRW0100499,R366,49.74,33.23,14.67,Dry Storage,Available,469.46,W010,,
SRW0070500,R311,16.11,35.17,12.82,Dry Storage,Available,70.29,W007,,
